{"cameraMode":{"drawMode":0,"name":"Shaded","section":"Shading Mode"},"sceneLighting":false,"audioPlay":false,"sceneViewState":{"m_AlwaysRefresh":false,"showFog":true,"showSkybox":true,"showFlares":true,"showImageEffects":true,"showParticleSystems":true,"showVisualEffectGraphs":true,"m_FxEnabled":true},"in2DMode":false,"pivot":{"x":0.7554051876068115,"y":0.5273565053939819,"z":0.8359530568122864},"rotation":{"x":0.06924986094236374,"y":-0.9303406476974487,"z":0.26863422989845278,"w":0.23983173072338105},"size":0.7186724543571472,"orthographic":false}