{"cameraMode":{"drawMode":0,"name":"Shaded","section":"Shading Mode"},"sceneLighting":true,"audioPlay":false,"sceneViewState":{"m_AlwaysRefresh":false,"showFog":true,"showSkybox":true,"showFlares":true,"showImageEffects":true,"showParticleSystems":true,"showVisualEffectGraphs":true,"m_FxEnabled":true},"in2DMode":false,"pivot":{"x":-2.061089038848877,"y":26.27924919128418,"z":-15.356346130371094},"rotation":{"x":-0.4222123324871063,"y":-0.019448738545179368,"z":0.014068430289626122,"w":-0.9074224829673767},"size":1.1256990432739258,"orthographic":false}