{"cameraMode":{"drawMode":0,"name":"Shaded","section":"Shading Mode"},"sceneLighting":false,"audioPlay":false,"sceneViewState":{"m_AlwaysRefresh":false,"showFog":true,"showSkybox":true,"showFlares":true,"showImageEffects":true,"showParticleSystems":true,"showVisualEffectGraphs":true,"m_FxEnabled":true},"in2DMode":false,"pivot":{"x":-1.911314606666565,"y":1.6252775192260743,"z":6.797557830810547},"rotation":{"x":0.004623377230018377,"y":0.9919155240058899,"z":-0.12477939575910568,"w":0.04455829784274101},"size":1.2247449159622193,"orthographic":false}