{"cameraMode":{"drawMode":0,"name":"Shaded","section":"Shading Mode"},"sceneLighting":false,"audioPlay":false,"sceneViewState":{"m_AlwaysRefresh":false,"showFog":true,"showSkybox":true,"showFlares":true,"showImageEffects":true,"showParticleSystems":true,"showVisualEffectGraphs":true,"m_FxEnabled":true},"in2DMode":false,"pivot":{"x":-2.5162291526794435,"y":0.2532694935798645,"z":-1.1078786849975587},"rotation":{"x":-0.29091739654541018,"y":0.33098167181015017,"z":-0.10644415020942688,"w":-0.8922814130783081},"size":0.08153239637613297,"orthographic":false}