{"cameraMode":{"drawMode":0,"name":"Shaded","section":"Shading Mode"},"sceneLighting":false,"audioPlay":false,"sceneViewState":{"m_AlwaysRefresh":false,"showFog":true,"showSkybox":true,"showFlares":true,"showImageEffects":true,"showParticleSystems":true,"showVisualEffectGraphs":true,"m_FxEnabled":true},"in2DMode":false,"pivot":{"x":0.24111701548099519,"y":0.8381971716880798,"z":-0.01706361211836338},"rotation":{"x":-0.06414720416069031,"y":0.927101731300354,"z":-0.1779988706111908,"w":-0.3261316418647766},"size":0.27885663509368899,"orthographic":false}