{"cameraMode":{"drawMode":0,"name":"Shaded","section":"Shading Mode"},"sceneLighting":false,"audioPlay":false,"sceneViewState":{"m_AlwaysRefresh":false,"showFog":true,"showSkybox":true,"showFlares":true,"showImageEffects":true,"showParticleSystems":true,"showVisualEffectGraphs":true,"m_FxEnabled":true},"in2DMode":false,"pivot":{"x":-0.24711370468139649,"y":0.11054235696792603,"z":1.7471613883972169},"rotation":{"x":0.09391111880540848,"y":-0.731683075428009,"z":0.103007972240448,"w":0.6675392389297485},"size":1.2247449159622193,"orthographic":false}