{"cameraMode":{"drawMode":0,"name":"Shaded","section":"Shading Mode"},"sceneLighting":false,"audioPlay":false,"sceneViewState":{"m_AlwaysRefresh":false,"showFog":true,"showSkybox":true,"showFlares":true,"showImageEffects":true,"showParticleSystems":true,"showVisualEffectGraphs":true,"m_FxEnabled":true},"in2DMode":false,"pivot":{"x":1.788803219795227,"y":0.6448566913604736,"z":1.7802282571792603},"rotation":{"x":-0.08904387801885605,"y":0.9012660980224609,"z":-0.20705504715442658,"w":-0.3726406395435333},"size":0.8660253882408142,"orthographic":false}