{"cameraMode":{"drawMode":0,"name":"Shaded","section":"Shading Mode"},"sceneLighting":false,"audioPlay":false,"sceneViewState":{"m_AlwaysRefresh":false,"showFog":true,"showSkybox":true,"showFlares":true,"showImageEffects":true,"showParticleSystems":true,"showVisualEffectGraphs":true,"m_FxEnabled":true},"in2DMode":false,"pivot":{"x":6.762726306915283,"y":-3.1842238903045656,"z":3.4430339336395265},"rotation":{"x":0.16973333060741425,"y":0.5518690347671509,"z":-0.11589531600475311,"w":0.8082161545753479},"size":5.2380170822143559,"orthographic":false}