{"cameraMode":{"drawMode":0,"name":"Shaded","section":"Shading Mode"},"sceneLighting":false,"audioPlay":false,"sceneViewState":{"m_AlwaysRefresh":false,"showFog":true,"showSkybox":true,"showFlares":true,"showImageEffects":true,"showParticleSystems":true,"showVisualEffectGraphs":true,"m_FxEnabled":true},"in2DMode":false,"pivot":{"x":3.712902069091797,"y":0.00827169418334961,"z":0.2825648784637451},"rotation":{"x":-0.07108421623706818,"y":-0.8158630728721619,"z":0.10153772681951523,"w":-0.5659019947052002},"size":5.313176155090332,"orthographic":false}